campaign_id,cost_before,clicks_before,cost_after,clicks_after
id_0000,1894.37,72,7165.48,343
id_0001,629.21,36,2774.75,172
id_0002,41.89,3,177.84,14
id_0003,157.77,8,571.66,21
id_0004,31.45,3,179.03,15
id_0005,265.95,17,1839.34,112
id_0006,148.31,11,725.64,52
id_0007,192.02,11,2417.86,117
id_0008,150.56,12,1022.54,67
id_0009,204.18,4,412.4,24
id_0010,49.56,3,426.9,20
id_0011,508.3,18,2962.51,98
id_0012,4.55,1,42.67,5
id_0013,145.44,9,907.78,48
id_0014,244.78,11,1909.54,87
id_0015,232.76,12,1146.78,64
id_0016,34.74,4,161.27,11
id_0017,35.16,2,103.0,9
id_0018,15.18,3,59.94,11
id_0019,50.29,4,59.84,9
id_0020,29.92,2,301.08,10
id_0021,664.13,30,2637.21,113
id_0022,2492.27,57,6590.29,127
id_0023,253.03,7,2046.22,82
id_0024,4874.89,133,21865.58,509
id_0025,798.57,23,2157.88,69
id_0026,453.21,16,2975.48,91
id_0027,35.55,3,467.1,33
id_0028,113.3,8,369.16,30
id_0029,75.32,4,458.79,25
id_0030,33.23,5,525.44,57
id_0031,826.11,52,2463.74,158
id_0032,182.33,5,443.78,25
id_0033,852.58,56,5590.05,288
id_0034,32.64,2,1504.55,77
id_0035,286.04,16,2372.31,123
id_0036,258.15,21,949.67,82
id_0037,44.94,4,142.11,16
id_0038,169.27,18,626.52,57
id_0039,596.46,21,2959.89,67
id_0040,60.54,3,376.06,8
id_0041,4.38,1,28.84,3
id_0042,15.43,3,318.35,25
id_0043,30.56,2,110.39,6
id_0044,36.51,2,468.41,35
id_0045,55.85,1,47.32,6
id_0046,27.95,1,704.91,38
id_0047,63.37,1,507.64,21
id_0048,247.03,10,1921.65,68
id_0049,21.09,1,290.3,14
id_0050,315.4,12,2695.97,89
id_0051,495.02,41,2883.48,199
id_0052,123.84,13,805.92,97
id_0053,12.68,3,90.48,14
id_0054,18.45,1,156.46,5
id_0055,126.07,12,1337.07,72
id_0056,23.67,4,98.12,7
id_0057,18.24,2,27.51,3
id_0058,114.09,7,373.07,32
id_0059,572.23,38,4580.77,312
id_0060,588.62,59,4532.13,408
id_0061,6.37,1,2130.27,134
id_0062,43.3,6,2194.33,198
id_0063,32.24,5,2466.11,177
id_0064,1689.04,58,6372.24,295
id_0065,92.65,11,341.01,30
id_0066,10.28,1,13.43,4
id_0067,18.78,3,362.82,19
id_0068,5.93,1,158.02,3
id_0069,54.8,6,176.22,23
id_0070,247.77,12,931.95,58
id_0071,4403.2,247,26872.11,1212
id_0072,1269.73,79,7104.88,387
id_0073,114.24,13,1597.48,106
id_0074,839.81,45,5643.93,275
id_0075,753.03,45,3775.24,214
id_0076,533.52,18,1727.82,88
id_0077,2938.51,96,10018.38,329
id_0078,59.05,8,349.72,39
id_0079,1156.97,122,3422.71,357
id_0080,103.17,13,422.17,36
id_0081,14.41,1,82.64,1
id_0082,9.28,1,7.18,1
id_0083,50.98,7,330.51,35
id_0084,54.21,7,591.7,63
id_0085,42.29,4,215.5,25
id_0086,189.53,20,899.59,107
id_0087,260.4,30,658.46,85
id_0088,65.02,10,524.74,64
id_0089,51.69,5,251.21,25
id_0090,121.6,3,270.33,20
id_0091,1394.76,73,4362.91,233
id_0092,56.92,4,295.99,23
id_0093,131.81,5,53.71,7
id_0094,56.88,6,271.9,17
id_0095,238.64,16,238.43,14
id_0096,298.08,14,285.5,16
id_0097,1149.45,72,2903.34,220
id_0098,135.56,12,437.63,36
id_0099,68.67,5,224.61,15
id_0100,519.98,41,1010.97,82
id_0101,1080.04,54,4513.57,272
id_0102,137.71,7,317.55,22
id_0103,102.35,12,878.48,62
id_0104,6.96,2,1766.76,105
id_0105,3.46,1,192.92,11
id_0106,62.11,4,70.61,8
id_0107,233.87,12,1007.73,50
id_0108,5.05,1,53.99,6
id_0109,532.57,24,1914.54,100
id_0110,142.79,7,624.19,27
id_0111,247.0,14,448.13,30
id_0112,116.82,10,502.99,49
id_0113,8.63,1,118.66,9
id_0114,197.39,9,778.83,36
id_0115,640.85,36,1925.71,112
id_0116,1.54,1,14.77,2
id_0117,59.09,6,860.42,50
id_0118,17.94,1,84.65,6
id_0119,9.88,1,211.46,12
id_0120,130.45,4,59.71,7
id_0121,80.21,7,1813.11,94
id_0122,56.34,8,5329.49,296
id_0123,51.89,5,2772.96,192
id_0124,48.52,5,1508.43,98
id_0125,51.56,7,991.36,79
id_0126,6.55,2,593.53,61
id_0127,36.71,8,2470.37,200
id_0128,16.97,1,37.11,4
id_0129,426.37,14,849.06,49
id_0130,90.95,5,376.03,31
id_0131,88.35,7,390.14,40
id_0132,8.18,2,160.12,9
id_0133,174.9,23,433.18,65
id_0134,2611.63,433,3719.71,645
id_0135,453.0,121,650.51,187
id_0136,741.07,266,936.07,362
id_0137,309.2,90,885.29,229
id_0138,1334.51,373,3022.97,808
id_0139,634.04,47,3515.63,281
id_0140,561.72,17,3715.81,107
id_0141,7758.75,311,33889.63,1198
id_0142,1481.84,66,9867.61,392
id_0143,94.01,3,742.94,33
id_0144,304.1,19,1286.6,83
id_0145,448.55,17,1444.81,70
id_0146,191.01,21,1602.01,133
id_0147,856.19,207,1434.27,353
id_0148,794.49,251,1582.63,532
id_0149,1697.95,580,2313.65,863
id_0150,2700.44,634,3818.08,925
id_0151,160.93,62,239.54,98
id_0152,140.08,37,218.87,61
id_0153,406.93,96,425.15,107
id_0154,642.59,77,1168.45,146
id_0155,429.42,92,831.81,163
id_0156,516.82,65,542.34,80
id_0157,7.87,2,12.91,3
id_0158,181.14,47,246.26,71
id_0159,10.16,4,19.52,9
id_0160,2.61,1,4.51,3
id_0161,95.09,35,76.41,29
id_0162,77.14,13,207.4,35
id_0163,23.45,9,40.83,18
id_0164,145.17,43,307.5,90
id_0165,5.55,3,6.59,3
id_0166,83.34,23,140.28,35
id_0167,624.35,108,604.35,105
id_0168,8.63,4,10.58,4
id_0169,118.81,67,149.42,80
id_0170,41.11,19,39.26,21
id_0171,14.02,11,15.33,13
id_0172,111.16,50,86.58,46
id_0173,57.46,18,93.8,31
id_0174,457.86,128,589.95,182
id_0175,13.37,7,14.71,8
id_0176,156.9,73,274.86,113
id_0177,17.14,10,5.44,4
id_0178,457.98,204,437.44,193
id_0179,1301.95,113,2740.49,229
id_0180,453.75,58,1003.21,112
id_0181,604.49,88,603.97,95
id_0182,558.36,124,757.28,161
id_0183,428.6,182,461.62,207
id_0184,488.75,106,656.09,140
id_0185,629.78,171,789.32,227
id_0186,358.14,37,808.89,90
id_0187,472.17,66,1056.36,155
id_0188,448.95,148,556.13,182
id_0189,7.85,1,13.05,4
id_0190,465.22,121,329.43,93
id_0191,1141.93,101,2503.73,223
id_0192,978.92,133,1460.43,188
id_0193,707.03,115,890.15,146
id_0194,47.58,14,95.52,28
id_0195,44.09,14,35.09,13
id_0196,184.0,37,470.86,84
id_0197,419.86,98,745.42,175
id_0198,33.52,11,118.18,33
id_0199,108.9,35,74.8,28
id_0200,436.09,90,773.54,153
id_0201,418.72,120,620.45,183
id_0202,9.46,5,11.43,8
id_0203,66.0,23,118.24,38
id_0204,109.82,27,181.33,46
id_0205,91.95,40,102.1,41
id_0206,192.76,64,295.98,96
id_0207,42.0,9,81.93,21
id_0208,107.27,44,172.28,74
id_0209,512.91,122,682.63,168
id_0210,142.45,47,329.84,106
id_0211,250.1,52,550.77,103
id_0212,27.61,7,48.03,11
id_0213,29.36,9,17.43,5
id_0214,117.77,12,206.34,22
id_0215,142.17,17,220.85,29
id_0216,60.37,20,178.03,43
id_0217,106.27,43,174.79,75
id_0218,53.29,9,276.83,41
id_0219,150.32,36,217.5,51
id_0220,136.47,30,130.39,36
id_0221,217.5,62,713.97,184
id_0222,159.13,54,159.63,62
id_0223,62.66,24,149.81,57
id_0224,1258.44,162,1620.59,220
id_0225,405.51,63,925.9,144
id_0226,1723.04,368,2600.14,542
id_0227,592.9,121,782.39,164
id_0228,132.59,44,139.36,46
id_0229,683.13,292,590.06,272
id_0230,348.3,104,465.24,152
id_0231,307.02,123,265.52,110
id_0232,13.42,4,25.55,6
id_0233,24.62,8,137.79,44
id_0234,2370.54,646,2300.96,699
id_0235,115.83,69,151.39,99
id_0236,274.23,104,462.13,171
id_0237,291.02,140,1423.97,570
id_0238,18.47,8,40.5,16
id_0239,327.58,109,527.06,193
id_0240,327.72,94,448.13,128
id_0241,19.34,4,64.43,16
id_0242,245.01,47,360.66,69
id_0243,55.4,27,65.49,32
id_0244,1836.43,835,3617.89,1516
id_0245,1711.34,860,3428.46,1630
id_0246,20.57,10,27.48,10
id_0247,509.49,199,570.01,235
id_0248,106.27,18,171.54,30
id_0249,41.4,16,79.84,28
id_0250,320.29,144,366.92,176
id_0251,5.88,2,32.22,13
id_0252,95.42,38,243.71,93
id_0253,12.5,8,16.87,15
id_0254,14.72,7,24.31,13
id_0255,13.7,10,11.24,8
id_0256,54.44,57,55.96,69
id_0257,1370.65,348,2095.19,541
id_0258,1296.94,731,3072.06,1351
id_0259,176.98,66,605.94,196
id_0260,38.01,8,129.28,17
id_0261,482.38,194,803.36,318
id_0262,45.0,13,99.39,28
id_0263,22.86,12,54.02,30
id_0264,37.53,11,112.37,36
id_0265,42.34,23,127.08,70
id_0266,108.4,20,146.22,36
id_0267,60.34,22,89.84,26
id_0268,103.69,40,118.33,52
id_0269,50.61,14,113.43,22
id_0270,10.4,3,40.74,12
id_0271,1.56,1,6.9,7
id_0272,16.67,17,24.13,26
id_0273,25.49,15,72.18,37
id_0274,3.54,1,16.05,7
id_0275,25.75,17,55.53,29
id_0276,100.36,68,272.11,164
id_0277,112.94,40,216.89,78
id_0278,84.36,43,34.15,24
id_0279,374.45,162,201.93,94
id_0280,943.94,318,1179.87,474
id_0281,55.12,43,31.79,26
id_0282,670.96,228,562.25,192
id_0283,378.79,193,613.98,298
id_0284,288.0,102,500.26,199
id_0285,135.62,33,201.99,43
id_0286,54.28,12,96.96,15
id_0287,253.3,35,623.27,102
id_0288,82.28,7,206.09,30
id_0289,3.18,1,24.21,5
id_0290,15.47,5,27.5,8
id_0291,3.89,1,4.75,2
id_0292,3.47,2,14.92,8
id_0293,20.49,5,35.18,11
id_0294,1.8,1,15.14,5
id_0295,83.25,41,183.08,91
id_0296,113.67,36,116.63,34
id_0297,65.46,16,97.9,25
id_0298,0.82,1,2.69,2
id_0299,19.83,10,21.17,10
id_0300,8.7,9,29.33,30
id_0301,19.64,8,58.79,24
id_0302,10.96,3,2.42,1
id_0303,121.4,77,199.32,128
id_0304,44.89,24,46.05,25
id_0305,11.48,4,43.0,15
id_0306,125.96,73,190.54,110
id_0307,124.16,45,249.4,83
id_0308,312.07,80,368.88,105
id_0309,71.54,30,147.66,53
id_0310,191.29,56,199.53,55
id_0311,74.02,55,26.33,31
id_0312,31.1,20,11.72,12
id_0313,3.8,2,11.92,8
id_0314,89.96,50,123.42,66
id_0315,13.39,9,9.51,7
id_0316,839.45,177,1276.45,300
id_0317,44.25,29,93.32,54
id_0318,9.37,3,40.6,10
id_0319,28.52,21,45.17,36
id_0320,76.68,80,95.62,93
id_0321,32.64,13,42.61,17
id_0322,1452.67,461,2676.93,937
id_0323,1627.69,667,2984.62,1302
id_0324,1414.52,298,1905.66,406
id_0325,2385.14,608,3047.95,789
id_0326,1555.08,321,3106.65,762
id_0327,1115.07,383,1866.6,560
id_0328,5819.94,462,11558.61,935
id_0329,4846.54,560,6379.76,821
id_0330,2196.95,958,3784.55,1617
id_0331,619.12,436,983.09,631
id_0332,794.71,248,1601.71,486
id_0333,683.06,272,784.47,315
id_0334,780.88,215,1324.95,384
id_0335,268.3,130,293.56,145
id_0336,58.13,13,89.68,22
id_0337,118.81,34,123.51,44
id_0338,25.51,6,44.3,11
id_0339,113.21,36,170.88,54
id_0340,143.03,35,173.63,56
id_0341,230.53,69,258.68,103
id_0342,429.05,73,972.86,207
id_0343,498.92,98,500.19,118
id_0344,15.74,3,11.06,2
id_0345,33.42,9,78.71,19
id_0346,7.79,3,4.9,3
id_0347,361.07,127,365.43,143
id_0348,523.44,269,481.29,270
id_0349,11.22,5,65.79,30
id_0350,6.54,5,104.93,53
id_0351,203.78,36,275.98,53
id_0352,128.84,31,207.56,48
id_0353,2.58,1,11.32,4
id_0354,28.07,6,96.41,13
id_0355,78.33,22,31.27,12
id_0356,78.73,37,47.32,27
id_0357,23.31,7,114.27,31
id_0358,45.11,16,38.53,13
id_0359,44.24,9,110.57,21
id_0360,580.03,108,791.23,164
id_0361,32.85,22,8.99,7
id_0362,26.82,20,12.02,14
id_0363,53.57,15,53.32,16
id_0364,41.57,16,71.95,23
id_0365,115.05,39,321.06,90
id_0366,336.23,105,572.18,173
id_0367,1371.33,195,2872.13,388
id_0368,1041.81,194,1672.69,312
id_0369,413.49,115,960.59,225
id_0370,505.38,164,558.89,213
id_0371,21.49,6,112.46,25
id_0372,95.57,26,150.07,41
id_0373,3.56,2,8.55,5
id_0374,3.4,2,1.08,1
id_0375,86.95,22,179.9,48
id_0376,577.04,185,1486.98,403
id_0377,324.8,55,459.21,87
id_0378,685.1,148,790.62,178
id_0379,105.87,14,429.32,66
id_0380,92.38,17,154.02,29
id_0381,247.26,74,496.94,153
id_0382,545.25,208,926.72,353
id_0383,45.36,14,317.78,88
id_0384,46.66,17,260.68,84
id_0385,217.81,95,335.7,162
id_0386,710.21,344,788.03,431
id_0387,136.39,26,328.99,54
id_0388,62.61,20,181.65,62
id_0389,264.8,93,934.76,293
id_0390,406.05,166,826.32,319
id_0391,3044.43,319,4394.21,458
id_0392,3247.84,509,3139.16,537
id_0393,54.99,24,93.4,38
id_0394,78.31,42,118.72,62
id_0395,353.92,69,591.46,131
id_0396,898.7,276,839.76,271
id_0397,764.49,183,1104.03,296
id_0398,432.19,142,431.79,146
id_0399,724.76,192,2084.81,424
id_0400,333.93,89,486.0,151
id_0401,3348.53,916,6207.28,1564
id_0402,1307.39,554,2570.36,980
id_0403,336.48,97,593.57,192
id_0404,336.27,104,313.66,120
id_0405,1164.77,256,1522.09,367
id_0406,503.31,128,530.88,145
id_0407,1612.0,364,5758.87,1156
id_0408,1404.5,488,4177.16,1234
id_0409,140.66,47,222.27,70
id_0410,770.13,258,910.23,326
id_0411,153.44,32,387.68,63
id_0412,345.96,82,562.99,126
id_0413,36.58,12,39.94,13
id_0414,1115.09,308,1480.94,438
id_0415,241.99,171,389.65,284
id_0416,1.36,1,16.31,12
id_0417,18.73,8,118.3,43
id_0418,68.72,28,188.25,71
id_0419,3936.88,2218,7334.46,4153
id_0420,504.98,151,1121.66,344
id_0421,300.43,201,506.23,356
id_0422,8.47,5,36.78,24
id_0423,2265.67,1316,4519.97,2780
id_0424,320.53,319,500.09,559
id_0425,3.73,3,3.48,3
id_0426,125.66,54,224.87,83
id_0427,90.22,40,101.2,45
id_0428,1829.29,1466,3498.58,2777
id_0429,81.81,32,148.54,64
id_0430,890.91,738,866.33,750
id_0431,65.11,47,45.82,39
id_0432,646.67,495,925.35,767
id_0433,248.98,94,355.1,132
id_0434,62.19,20,66.51,19
id_0435,62.66,13,89.01,21
id_0436,4110.26,1070,7611.36,2064
id_0437,151.42,31,370.4,67
id_0438,43.59,10,75.67,21
id_0439,181.28,73,240.91,102
id_0440,82.61,25,140.28,43
id_0441,1801.38,514,2979.71,901
id_0442,194.56,89,166.76,82
id_0443,1.82,1,9.81,4
id_0444,617.61,149,794.0,201
id_0445,84.87,22,95.69,28
id_0446,5978.74,1784,9430.52,2826
id_0447,20.44,4,51.86,13
id_0448,116.1,25,100.85,29
id_0449,311.23,133,267.74,121
id_0450,171.14,54,205.98,75
id_0451,465.35,171,468.98,172
id_0452,113.89,64,267.35,153
id_0453,209.26,141,301.04,230
id_0454,414.01,104,515.45,135
id_0455,329.52,96,514.15,147
id_0456,15.16,5,34.87,14
id_0457,32.59,8,44.58,12
id_0458,47.27,16,58.2,19
id_0459,274.06,65,1180.45,248
id_0460,43.51,27,61.28,34
id_0461,44.83,19,147.78,49
id_0462,147.12,62,190.84,76
id_0463,227.4,90,506.15,173
id_0464,11.71,5,21.83,7
id_0465,27.56,6,58.28,12
id_0466,89.58,20,177.26,42
id_0467,277.96,58,720.33,134
id_0468,10.95,7,25.46,13
id_0469,62.22,16,168.82,39
id_0470,183.77,49,293.09,79
id_0471,507.48,125,755.63,173
id_0472,533.1,88,655.33,118
id_0473,460.79,216,943.56,377
id_0474,235.01,48,381.46,81
id_0475,1867.63,789,2219.35,1096
id_0476,1916.31,253,3972.44,578
id_0477,42.54,10,49.6,11
id_0478,352.63,99,736.38,222
id_0479,454.01,151,2540.3,945
id_0480,1446.53,270,2012.73,444
id_0481,152.55,38,126.9,33
id_0482,454.75,227,828.42,432
id_0483,309.01,136,308.82,147
id_0484,1447.86,1012,1796.34,1296
id_0485,351.86,123,646.96,252
id_0486,7.7,5,13.79,10
id_0487,3.54,5,2.23,2
id_0488,113.95,109,74.48,75
id_0489,341.54,407,200.46,261
id_0490,15.02,4,74.12,27
id_0491,75.31,31,224.39,89
id_0492,3.55,4,2.25,3
id_0493,2.54,2,28.5,9
id_0494,5.07,3,4.9,2
id_0495,8.17,3,35.31,11
id_0496,13.31,5,18.26,7
id_0497,120.17,93,66.87,48
id_0498,115.08,62,493.81,255
id_0499,239.91,49,258.8,53
id_0500,162.52,76,394.0,218
id_0501,912.85,149,1830.81,329
id_0502,13.02,2,26.6,4
id_0503,141.8,32,290.82,56
id_0504,208.39,127,200.43,119
id_0505,15.69,4,25.39,6
id_0506,31.19,5,111.78,9
id_0507,18.41,2,59.37,10
id_0508,41.33,5,37.48,4
id_0509,117.41,20,64.57,10
id_0510,320.92,101,417.17,134
id_0511,11.15,4,65.8,18
id_0512,2.55,3,2.84,2
id_0513,144.3,53,209.5,77
id_0514,11.75,4,25.45,12
id_0515,109.25,16,494.09,67
id_0516,235.17,48,383.7,80
id_0517,93.97,16,318.46,55
id_0518,31.85,13,73.2,30
id_0519,27.17,8,115.33,24
id_0520,82.33,21,103.36,30
id_0521,387.87,76,945.05,184
id_0522,87.9,37,44.07,20
id_0523,551.44,119,771.52,172
id_0524,61.9,16,73.66,23
id_0525,190.68,35,329.36,76
id_0526,744.05,161,1062.36,241
id_0527,12.01,5,9.46,3
id_0528,181.38,51,255.38,86
id_0529,88.87,13,319.25,41
id_0530,29.31,5,82.99,15
id_0531,11.48,2,41.82,7
id_0532,8.66,2,20.97,9
id_0533,85.99,17,227.88,39
id_0534,200.2,43,323.46,67
id_0535,57.97,14,249.35,54
id_0536,139.48,36,241.71,66
id_0537,2179.06,304,4097.98,566
id_0538,900.44,220,1946.96,487
id_0539,2283.64,425,3414.01,636
id_0540,765.51,234,1176.81,388
id_0541,26.45,21,50.71,38
id_0542,48.83,18,150.65,43
id_0543,3.31,1,9.07,5
id_0544,43.66,40,75.64,65
id_0545,31.34,15,42.43,18
id_0546,0.56,1,10.4,5
id_0547,29.78,15,160.91,55
id_0548,70.68,13,165.49,41
id_0549,11.77,3,71.3,18
id_0550,147.05,26,261.55,39
id_0551,25.38,14,62.79,28
id_0552,13.95,4,11.45,5
id_0553,15.46,5,34.25,12
id_0554,385.53,75,426.56,87
id_0555,3197.39,428,4201.25,558
id_0556,95.39,37,147.05,70
id_0557,243.88,90,216.66,87
id_0558,725.37,263,1218.21,448
id_0559,157.03,44,169.94,53
id_0560,759.48,444,1413.88,822
id_0561,2272.57,488,4576.24,960
id_0562,830.95,99,1509.28,211
id_0563,1744.95,763,2055.89,943
id_0564,196.08,85,5.05,2
id_0565,1983.72,276,3260.86,485
id_0566,96.24,81,129.09,104
id_0567,1494.13,238,2178.35,339
id_0568,1573.9,278,2800.79,550
id_0569,2095.15,1462,3094.38,2152
id_0570,7.62,3,68.43,18
id_0571,146.2,14,404.62,49
id_0572,270.73,63,381.57,95
id_0573,279.16,77,339.09,105
id_0574,12.86,10,15.43,9
id_0575,30.62,13,64.28,44
id_0576,1695.42,469,2953.4,753
id_0577,641.54,247,645.52,272
id_0578,41.17,33,35.52,34
id_0579,468.42,48,630.34,77
id_0580,857.96,108,1036.03,149
id_0581,544.63,77,530.92,81
id_0582,60.22,14,125.92,25
id_0583,30.72,8,130.65,23
id_0584,809.7,90,1652.24,204
id_0585,19.01,10,32.37,24
id_0586,583.49,205,799.82,283
id_0587,1030.4,189,1644.4,306
id_0588,12.86,2,55.5,7
id_0589,188.24,40,320.7,65
id_0590,44.44,11,71.81,24
id_0591,94.41,36,139.05,57
id_0592,46.83,13,80.01,29
id_0593,1468.21,226,1536.82,268
id_0594,58.46,17,74.04,24
id_0595,1043.6,95,1607.03,158
id_0596,56.49,25,60.71,26
id_0597,0.52,1,0.35,1
id_0598,541.65,261,204.36,102
id_0599,65.56,34,114.7,68
id_0600,703.98,108,1044.7,169
id_0601,144.55,37,166.27,38
id_0602,41.26,8,55.16,11
id_0603,6.16,2,16.65,8
id_0604,77.99,10,99.48,13
id_0605,182.96,28,245.74,36
id_0606,95.09,35,342.57,120
id_0607,50.56,11,106.69,28
id_0608,104.6,22,127.53,28
id_0609,14.43,4,3.16,1
id_0610,39.27,13,101.57,27
id_0611,3.09,2,8.8,3
id_0612,7.66,4,11.35,5
id_0613,21.63,5,43.47,14
id_0614,56.07,14,120.83,38
id_0615,124.8,53,144.07,61
id_0616,1960.05,756,3196.66,1207
id_0617,4.72,6,7.64,7
id_0618,194.88,91,378.31,193
id_0619,750.83,317,537.51,265
id_0620,144.11,76,617.3,353
id_0621,563.1,261,909.01,452
id_0622,21.41,6,60.71,23
id_0623,1400.64,753,1915.83,1017
id_0624,16.06,21,12.17,18
id_0625,197.46,145,342.67,258
id_0626,831.77,439,598.96,366
id_0627,540.53,391,1984.72,1350
id_0628,753.96,502,1555.26,1097
id_0629,14.53,8,29.45,14
id_0630,1161.6,225,2045.6,410
id_0631,1033.32,405,1480.26,593
id_0632,672.91,158,813.33,215
id_0633,170.35,59,252.04,91
id_0634,354.9,130,1115.89,426
id_0635,55.84,31,23.65,16
id_0636,481.68,194,1764.64,665
id_0637,27.23,7,55.6,11
id_0638,921.59,268,1423.53,444
id_0639,527.18,164,657.81,204
id_0640,839.41,367,851.43,392
id_0641,36.22,24,10.36,8
id_0642,305.68,105,431.65,159
id_0643,123.12,56,119.64,58
id_0644,567.9,234,1815.41,644
id_0645,1039.21,462,2372.47,961
id_0646,73.54,15,105.91,23
id_0647,995.44,318,1291.48,441
id_0648,265.0,92,764.49,258
id_0649,488.46,164,825.58,291
id_0650,52.47,6,64.57,15
id_0651,147.9,40,231.56,72
id_0652,235.2,100,356.39,166
id_0653,653.42,260,859.01,342
id_0654,134.48,31,126.31,29
id_0655,496.92,153,567.26,187
id_0656,226.27,30,394.81,60
id_0657,215.92,33,377.28,66
id_0658,296.62,26,461.08,43
id_0659,490.77,75,841.46,122
id_0660,37.98,9,38.27,9
id_0661,454.1,101,515.57,111
id_0662,175.12,35,243.35,47
id_0663,348.7,70,349.0,72
id_0664,1060.41,94,1396.94,140
id_0665,347.3,73,377.91,89
id_0666,169.6,45,158.84,45
id_0667,620.56,162,832.99,213
id_0668,158.98,46,176.06,57
id_0669,8.46,5,24.67,15
id_0670,6.0,3,3.41,2
id_0671,244.51,115,356.44,165
id_0672,11.72,7,10.52,7
id_0673,60.23,38,58.26,44
id_0674,1.2,1,2.07,2
id_0675,6.5,3,16.92,5
id_0676,174.03,42,48.26,15
id_0677,84.11,18,118.0,27
id_0678,20.01,9,55.78,25
id_0679,206.91,50,525.68,128
id_0680,44.85,12,217.54,49
id_0681,558.81,169,636.07,202
id_0682,2413.14,597,879.9,275
id_0683,106.27,38,130.06,35
id_0684,102.47,53,100.06,50
id_0685,255.92,86,462.83,156
id_0686,29.21,9,62.77,23
id_0687,656.98,113,978.47,172
id_0688,63.37,17,131.79,30
id_0689,155.21,35,161.48,46
id_0690,268.43,93,448.92,137
id_0691,137.8,18,247.63,43
id_0692,144.11,25,220.37,61
id_0693,106.66,37,135.5,55
id_0694,84.21,26,200.92,63
id_0695,222.26,87,488.17,166
id_0696,502.5,213,676.04,306
id_0697,153.57,70,251.98,128
id_0698,260.29,117,779.7,346
id_0699,222.11,105,194.5,94
id_0700,172.64,20,285.14,39
id_0701,106.52,25,215.11,54
id_0702,120.88,18,129.0,21
id_0703,187.86,37,354.96,74
id_0704,45.14,22,76.63,39
id_0705,167.12,90,195.59,132
id_0706,321.87,96,712.07,203
id_0707,2.65,2,14.95,9
id_0708,2.34,1,14.11,5
id_0709,56.12,22,46.4,21
id_0710,197.07,33,370.0,67
id_0711,82.09,48,118.21,62
id_0712,590.82,287,1142.74,540
id_0713,23.63,18,36.68,26
id_0714,151.53,85,427.08,219
id_0715,153.89,50,202.43,81
id_0716,93.37,9,195.62,26
id_0717,299.39,106,444.59,151
id_0718,36.79,62,64.36,85
id_0719,423.44,155,424.54,157
id_0720,7.3,2,8.76,4
id_0721,116.29,41,277.92,102
id_0722,44.2,10,171.3,40
id_0723,94.44,30,130.33,47
id_0724,79.62,24,159.54,39
id_0725,343.63,171,846.1,399
id_0726,30.83,11,121.29,39
id_0727,268.42,97,356.07,121
id_0728,841.37,368,1334.76,564
id_0729,62.86,24,79.7,33
id_0730,217.74,131,379.69,217
id_0731,4.91,4,72.77,44
id_0732,224.27,91,415.06,174
id_0733,38.79,11,122.57,35
id_0734,305.04,178,222.03,136
id_0735,184.16,79,392.81,175
id_0736,148.32,32,167.4,41
id_0737,50.57,15,56.08,22
id_0738,334.41,65,587.71,116
id_0739,84.67,18,128.8,28
id_0740,13.71,7,3.27,2
id_0741,8.77,3,53.64,7
id_0742,88.06,35,83.16,29
id_0743,38.85,22,50.03,29
id_0744,31.91,11,27.74,9
id_0745,190.25,87,306.45,152
id_0746,49.21,12,96.81,24
id_0747,76.34,14,57.77,14
id_0748,114.11,41,92.39,38
id_0749,143.25,47,171.56,49
id_0750,28.01,12,34.19,15
id_0751,67.99,23,53.66,19
id_0752,36.64,17,79.57,32
id_0753,105.34,25,235.34,50
id_0754,292.47,97,397.34,108
id_0755,162.98,51,213.08,70
id_0756,5.15,4,7.16,5
id_0757,14.82,6,43.75,15
id_0758,32.55,13,28.43,12
id_0759,1252.51,247,1633.77,379
id_0760,120.83,32,144.63,38
id_0761,66.57,36,97.49,53
id_0762,53.48,25,81.18,44
id_0763,89.59,20,146.9,35
id_0764,106.7,25,313.18,74
id_0765,347.32,48,584.44,93
id_0766,40.25,12,110.94,34
id_0767,1066.47,154,2289.92,334
id_0768,504.21,69,695.65,101
id_0769,472.01,106,948.42,184
id_0770,99.01,37,63.87,32
id_0771,2534.33,310,994.5,169
id_0772,176.04,42,232.14,55
id_0773,126.44,22,138.43,23
id_0774,12.67,6,11.27,6
id_0775,306.98,81,372.65,106
id_0776,6.25,4,26.35,17
id_0777,29.77,15,68.44,30
id_0778,790.09,151,844.91,170
id_0779,78.01,12,108.16,20
id_0780,4.28,3,28.43,8
id_0781,194.21,32,212.45,43
id_0782,39.96,15,71.97,25
id_0783,727.52,98,783.73,108
id_0784,42.03,27,32.28,26
id_0785,89.18,17,213.04,35
id_0786,192.33,43,304.73,55
id_0787,21.69,6,20.77,7
id_0788,7.3,3,8.12,6
id_0789,203.84,28,362.95,51
id_0790,5.84,1,7.61,4
id_0791,243.59,15,565.29,38
id_0792,71.79,23,195.76,58
id_0793,7.42,2,6.61,2
id_0794,77.54,11,261.96,36
id_0795,241.22,87,302.23,113
id_0796,644.63,103,1126.75,170
id_0797,112.21,26,149.14,42
id_0798,1551.55,158,2922.61,341
id_0799,781.0,146,2109.86,350
id_0800,60.27,12,234.1,37
id_0801,136.77,19,542.86,62
id_0802,86.92,19,146.39,30
id_0803,159.69,27,304.46,50
id_0804,53.16,27,150.19,68
id_0805,353.33,29,615.19,57
id_0806,26.88,8,28.64,13
id_0807,296.85,57,337.98,58
id_0808,2571.54,234,1081.05,127
id_0809,46.17,16,55.78,19
id_0810,239.15,42,839.14,131
id_0811,82.68,8,128.78,16
id_0812,4.35,3,51.79,16
id_0813,293.54,29,334.1,49
id_0814,22.4,11,53.1,23
id_0815,125.47,21,200.28,31
id_0816,4.49,3,12.14,9
id_0817,280.35,57,476.76,102
id_0818,4.19,1,32.11,10
id_0819,87.75,29,322.25,81
id_0820,199.13,33,787.39,121
id_0821,102.62,14,136.84,16
id_0822,109.77,16,211.17,20
id_0823,247.67,28,410.37,62
id_0824,228.52,21,738.84,64
id_0825,941.23,32,1208.31,51
id_0826,17.84,3,27.9,7
id_0827,94.89,31,224.99,78
id_0828,11.87,3,31.8,8
id_0829,8.12,3,32.04,13
id_0830,154.68,15,529.41,46
id_0831,119.21,19,137.23,24
id_0832,60.92,11,85.29,11
id_0833,11.26,5,15.26,7
id_0834,1651.83,199,3762.17,502
id_0835,1361.39,377,2898.72,800
id_0836,1053.2,186,2204.6,411
id_0837,1105.44,384,2382.84,798
id_0838,165.0,25,356.08,54
id_0839,716.72,136,1155.61,211
id_0840,357.69,141,610.62,246
id_0841,1.38,2,2.15,2
id_0842,24.81,12,61.79,30
id_0843,31.45,12,39.17,16
id_0844,53.91,18,221.01,74
id_0845,102.36,36,250.8,83
id_0846,126.89,39,577.55,155
id_0847,178.13,131,255.84,210
id_0848,45.5,27,85.18,50
id_0849,43.36,24,102.57,51
id_0850,5.77,6,19.95,23
id_0851,72.05,27,103.66,40
id_0852,171.4,59,339.21,127
id_0853,54.78,11,48.04,9
id_0854,262.41,75,645.45,175
id_0855,36.99,40,65.85,76
id_0856,10.74,3,34.33,13
id_0857,0.94,2,8.67,2
id_0858,7.02,3,0.9,1
id_0859,35.79,17,97.93,34
id_0860,18.34,3,47.79,8
id_0861,20.49,6,81.83,21
id_0862,45.6,21,36.89,17
id_0863,49.53,11,189.53,37
id_0864,14.51,6,61.07,26
id_0865,830.69,188,1272.51,297
id_0866,1213.94,514,1832.11,783
id_0867,80.66,19,144.93,36
id_0868,11.67,7,33.45,18
id_0869,10.86,3,23.81,7
id_0870,5.67,2,8.1,3
id_0871,360.76,180,2110.4,786
id_0872,355.52,200,2259.36,888
id_0873,3.14,1,9.41,4
id_0874,65.22,41,126.36,84
id_0875,85.44,44,208.3,103
id_0876,64.85,35,136.26,80
id_0877,658.83,630,847.81,820
id_0878,327.09,145,724.72,321
id_0879,474.4,216,508.72,283
id_0880,73.33,26,202.98,65
id_0881,15.28,11,41.97,33
id_0882,9.91,4,6.19,5
id_0883,114.85,39,204.19,69
id_0884,412.1,208,1103.63,583
id_0885,25.13,16,69.64,55
id_0886,33.57,10,46.36,24
id_0887,48.49,43,51.58,48
id_0888,16.4,6,34.79,16
id_0889,23.27,15,39.25,27
id_0890,52.3,41,93.49,67
id_0891,372.11,480,405.92,525
id_0892,209.71,111,372.67,190
id_0893,415.69,206,354.54,226
id_0894,65.78,25,104.08,46
id_0895,13.67,14,22.29,25
id_0896,7.18,5,3.08,3
id_0897,415.47,266,786.96,516
id_0898,18.24,16,59.6,48
id_0899,503.71,151,603.73,192
id_0900,146.31,12,169.67,26
id_0901,41.45,17,135.17,55
id_0902,268.21,65,401.02,105
id_0903,162.81,53,162.86,63
id_0904,14.61,6,28.83,15
id_0905,127.72,48,179.7,71
id_0906,60.52,12,236.69,60
id_0907,40.4,10,202.02,43
id_0908,7.41,2,30.3,9
id_0909,9.14,3,8.43,4
id_0910,19.71,8,41.12,13
id_0911,339.34,116,462.23,164
id_0912,45.82,22,90.09,44
id_0913,245.38,35,344.47,45
id_0914,89.86,33,707.2,224
id_0915,50.71,27,88.86,40
id_0916,121.54,30,249.88,56
id_0917,3.89,2,16.56,8
id_0918,47.46,15,90.17,26
id_0919,45.81,23,130.09,55
id_0920,76.09,34,76.33,30
id_0921,38.77,22,44.95,25
id_0922,119.52,30,162.93,42
id_0923,98.23,18,51.64,14
id_0924,67.92,19,199.23,52
id_0925,10.99,6,20.11,9
id_0926,25.76,11,34.36,15
id_0927,163.87,68,249.14,98
id_0928,9.74,6,18.27,10
id_0929,332.01,58,479.24,89
id_0930,97.19,39,397.34,140
id_0931,237.94,127,396.64,219
id_0932,183.75,142,365.02,289
id_0933,309.62,122,507.25,212
id_0934,323.57,160,673.93,285
id_0935,560.11,250,723.82,379
id_0936,10.47,5,10.89,6
id_0937,26.02,9,89.98,35
id_0938,60.54,54,88.78,74
id_0939,3.64,2,6.63,5
id_0940,3.97,2,8.02,6
id_0941,245.93,50,432.12,92
id_0942,155.56,45,333.27,90
id_0943,91.72,16,151.36,26
id_0944,106.84,30,138.09,29
id_0945,394.93,39,539.65,61
id_0946,615.53,79,748.62,101
id_0947,2862.35,1213,2846.97,1394
id_0948,3721.52,1963,3500.2,2062
id_0949,182.36,67,577.36,247
id_0950,2994.4,730,3304.75,819
id_0951,3049.84,811,3107.96,892
id_0952,293.84,125,517.67,225
id_0953,976.1,264,2369.78,543
id_0954,582.58,161,895.29,259
id_0955,1019.83,135,1469.27,199
id_0956,840.21,136,811.26,132
id_0957,473.87,369,1223.03,856
id_0958,2.92,2,1.88,1
id_0959,24.61,14,30.35,20
id_0960,6.0,2,6.94,2
id_0961,129.34,52,325.63,141
id_0962,86.14,41,209.93,97
id_0963,59.97,12,86.2,25
id_0964,12.6,5,24.03,9
id_0965,446.31,429,1020.21,907
id_0966,263.62,134,378.93,200
id_0967,50.22,35,22.14,16
id_0968,242.31,109,330.33,156
id_0969,790.66,155,1300.88,262
id_0970,382.36,85,469.86,106
id_0971,49.39,26,148.11,75
id_0972,27.66,34,40.54,54
id_0973,403.33,190,1548.15,700
id_0974,39.05,24,93.76,59
id_0975,331.98,152,470.27,220
id_0976,191.17,59,409.6,136
id_0977,26.8,15,59.31,30
id_0978,47.44,37,106.07,73
id_0979,159.76,29,459.44,93
id_0980,100.16,71,365.69,255
id_0981,304.0,153,684.92,336
id_0982,177.39,42,317.05,88
id_0983,217.26,50,363.4,99
id_0984,182.76,80,260.19,129
id_0985,220.64,51,888.98,222
id_0986,179.65,54,357.23,100
id_0987,35.53,23,56.61,47
id_0988,17.91,7,84.94,28
id_0989,30.35,10,86.91,28
id_0990,427.37,69,779.06,135
id_0991,273.94,61,305.8,67
id_0992,1649.46,794,1779.72,1006
id_0993,201.24,99,282.18,151
id_0994,44.04,35,74.89,51
id_0995,8.42,5,23.12,11
id_0996,7.73,3,18.97,9
id_0997,36.63,5,22.23,4
id_0998,10.66,3,23.02,3
id_0999,28.5,13,32.62,25
id_1000,15.47,21,11.31,16
id_1001,63.24,52,205.23,134
id_1002,3.8,2,4.32,4
id_1003,334.18,176,423.3,233
id_1004,41.65,16,55.96,22
id_1005,17.76,10,18.17,10
id_1006,133.9,90,155.85,113
id_1007,302.0,115,459.52,156
id_1008,63.71,41,145.01,90
id_1009,58.72,13,153.25,42
id_1010,194.0,110,227.63,140
id_1011,46.72,14,76.82,26
id_1012,70.72,30,106.67,40
id_1013,736.24,472,793.85,550
id_1014,1991.51,466,2457.94,643
id_1015,1105.83,388,1330.41,481
id_1016,17.99,11,10.84,6
id_1017,41.03,22,51.84,29
id_1018,114.77,45,129.46,48
id_1019,119.34,58,159.01,76
id_1020,144.67,24,279.56,62
id_1021,157.88,51,275.66,85
id_1022,853.1,264,1132.35,360
id_1023,328.56,50,355.07,60
id_1024,286.42,24,431.0,37
id_1025,172.77,70,414.35,161
id_1026,38.62,11,118.34,28
id_1027,211.03,61,256.17,81
id_1028,137.1,57,143.29,60
id_1029,621.68,108,745.11,135
id_1030,27.57,5,39.38,8
id_1031,156.75,77,159.69,77
id_1032,48.54,12,88.75,23
id_1033,150.97,36,402.4,84
id_1034,173.91,47,361.58,84
id_1035,28.78,7,64.79,16
id_1036,38.62,22,140.31,75
id_1037,351.05,132,443.76,187
id_1038,345.76,131,879.07,294
id_1039,97.55,33,278.23,96
id_1040,2.42,1,4.12,2
id_1041,402.51,104,582.58,155
id_1042,335.71,107,749.26,224
id_1043,102.1,32,117.14,38
id_1044,48.64,17,77.98,22
id_1045,120.36,91,254.88,186
id_1046,856.22,457,698.1,403
id_1047,269.55,133,693.9,303
id_1048,325.4,129,638.94,279
id_1049,42.52,17,51.41,19
id_1050,31.5,7,122.65,24
id_1051,332.72,58,609.36,103
id_1052,174.99,17,403.59,40
id_1053,77.67,11,192.57,28
id_1054,8.65,3,37.44,15
id_1055,358.46,86,532.09,135
id_1056,92.67,21,190.49,44
id_1057,812.45,158,1263.95,259
id_1058,25.2,7,316.06,50
id_1059,218.77,51,332.77,83
id_1060,500.1,85,907.75,176
id_1061,88.64,17,183.07,33
id_1062,199.66,33,231.98,49
id_1063,45.89,23,31.19,17
id_1064,647.43,214,576.03,206
id_1065,124.9,27,282.76,70
id_1066,2065.67,457,3011.64,737
id_1067,383.51,106,2688.16,425
id_1068,171.59,402,130.1,375
id_1069,131.96,259,273.76,554
id_1070,930.78,1853,665.23,1648
id_1071,301.09,543,278.87,604
id_1072,151.19,182,305.85,391
id_1073,717.23,967,488.43,887
id_1074,722.1,250,1379.21,505
id_1075,587.3,195,2783.08,831
id_1076,756.35,205,1606.14,437
id_1077,287.56,145,343.36,177
id_1078,781.59,258,1698.18,538
id_1079,478.33,208,648.53,287
id_1080,823.16,318,2169.36,835
id_1081,453.79,155,626.7,221
id_1082,198.67,128,186.54,121
id_1083,601.82,260,785.67,325
id_1084,581.36,100,1081.95,190
id_1085,974.41,145,1937.02,297
id_1086,400.82,60,1034.06,166
id_1087,79.81,26,154.36,37
id_1088,751.09,123,1119.14,198
id_1089,411.23,91,663.26,155
id_1090,1260.33,200,1837.76,311
id_1091,273.45,62,486.96,109
id_1092,48.45,16,95.91,30
id_1093,293.14,66,466.75,110
id_1094,127.99,32,269.45,82
id_1095,1449.49,281,3889.4,778
id_1096,219.82,63,44.51,23
id_1097,172.58,65,34.1,21
id_1098,142.64,45,302.31,92
id_1099,176.74,85,130.27,71
id_1100,76.59,52,83.08,62
id_1101,225.71,80,668.38,236
id_1102,245.36,178,581.2,326
id_1103,818.53,189,1791.25,442
id_1104,8.69,5,9.16,5
id_1105,5.17,6,9.87,11
id_1106,38.08,17,108.03,44
id_1107,28.7,15,34.53,18
id_1108,3.96,1,10.19,5
id_1109,32.78,4,89.23,13
id_1110,63.14,12,25.82,5
id_1111,71.48,24,259.51,89
id_1112,197.61,84,306.92,149
id_1113,375.61,56,1258.02,213
id_1114,584.57,125,844.73,200
id_1115,125.39,31,177.36,53
id_1116,38.58,13,63.06,28
id_1117,835.3,135,1211.36,233
id_1118,204.95,51,349.55,104
id_1119,0.8,1,26.26,4
id_1120,187.42,14,378.22,30
id_1121,55.57,5,44.54,6
id_1122,2.2,2,2.95,2
id_1123,12.39,8,12.28,13
id_1124,2.03,1,9.57,5
id_1125,8.19,6,6.02,4
id_1126,1253.09,158,2519.62,338
id_1127,30.98,9,91.4,31
id_1128,84.62,15,407.05,62
id_1129,218.25,106,649.28,304
id_1130,538.19,177,1661.52,521
id_1131,80.7,20,241.23,71
id_1132,187.65,33,189.21,35
id_1133,201.84,68,468.09,148
id_1134,329.56,156,702.68,327
id_1135,812.02,192,2423.8,468
id_1136,226.37,99,589.26,276
id_1137,136.29,22,202.66,35
id_1138,194.51,49,295.71,80
id_1139,512.34,162,1103.16,296
id_1140,95.01,16,191.04,43
id_1141,928.22,196,1208.33,237
id_1142,1068.2,281,1481.54,402
id_1143,404.81,93,567.14,132
id_1144,72.09,22,178.92,48
id_1145,474.38,78,831.42,139
id_1146,476.38,68,1077.91,147
id_1147,317.47,79,852.13,213
id_1148,131.81,55,162.72,64
id_1149,358.07,193,429.54,253
id_1150,322.05,145,498.23,224
id_1151,1124.03,315,1348.68,392
id_1152,43.03,23,56.59,29
id_1153,1.4,1,10.78,5
id_1154,958.35,596,1282.59,865
id_1155,991.18,634,1000.17,711
id_1156,84.14,10,377.69,36
id_1157,474.35,56,669.93,69
id_1158,159.79,23,399.76,56
id_1159,185.5,68,225.9,88
id_1160,207.32,120,233.92,136
id_1161,143.45,28,161.12,40
id_1162,127.05,35,261.26,70
id_1163,182.31,50,328.69,88
id_1164,145.33,29,230.51,39
id_1165,73.61,16,111.82,23
id_1166,83.5,28,108.06,37
id_1167,267.8,83,360.6,117
id_1168,194.32,30,449.2,66
id_1169,169.32,52,230.12,67
id_1170,307.91,134,286.97,132
id_1171,165.52,56,255.79,87
id_1172,19.47,8,64.98,26
id_1173,116.72,29,103.38,27
id_1174,221.81,66,454.55,132
id_1175,129.38,46,241.66,88
id_1176,78.36,23,96.66,29
id_1177,365.7,71,694.84,139
id_1178,52.83,28,50.46,27
id_1179,97.65,36,169.36,57
id_1180,24.23,4,10.72,4
id_1181,57.65,8,35.92,5
id_1182,68.41,14,154.3,23
id_1183,220.69,97,191.33,86
id_1184,17.44,4,79.21,15
id_1185,19.23,3,20.57,6
id_1186,62.02,19,81.52,32
id_1187,65.29,30,185.66,71
id_1188,451.88,86,502.06,100
id_1189,56.57,14,75.18,20
id_1190,2.73,1,11.01,4
id_1191,556.42,281,458.52,248
id_1192,57.68,10,79.78,13
id_1193,264.4,58,436.02,89
id_1194,246.0,36,341.23,52
id_1195,9.46,2,12.55,5
id_1196,155.95,38,202.01,51
id_1197,251.7,51,148.69,32
id_1198,1298.92,296,2570.88,641
id_1199,668.26,210,1239.59,472
id_1200,195.85,138,205.03,150
id_1201,213.63,190,193.53,188
id_1202,1197.77,594,1086.99,550
id_1203,1261.96,782,1010.02,711
id_1204,728.93,371,1141.27,599
id_1205,272.17,201,384.04,278
id_1206,286.2,189,1237.33,668
id_1207,291.76,246,647.71,456
id_1208,16.22,11,30.12,24
id_1209,505.44,171,485.92,187
id_1210,682.41,270,891.7,357
id_1211,239.8,123,356.81,178
id_1212,92.8,40,156.94,71
id_1213,161.47,121,195.48,145
id_1214,423.77,249,721.62,424
id_1215,663.36,176,846.94,264
id_1216,282.91,340,289.05,343
id_1217,157.36,111,279.03,206
id_1218,45.26,27,92.24,59
id_1219,363.69,188,506.59,279
id_1220,58.92,70,61.86,69
id_1221,636.9,235,1153.98,459
id_1222,1075.98,817,881.72,719
id_1223,1158.09,734,838.12,614
id_1224,69.78,62,133.96,118
id_1225,166.24,152,353.57,325
id_1226,386.12,101,602.4,160
id_1227,481.74,82,796.31,145
id_1228,542.31,119,625.34,144
id_1229,53.47,16,57.5,19
id_1230,15.4,5,41.42,15
id_1231,167.05,52,125.86,45
id_1232,32.36,8,69.23,19
id_1233,10.48,7,31.73,14
id_1234,135.42,13,366.71,36
id_1235,2.55,1,5.25,2
id_1236,128.59,23,253.28,50
id_1237,25.48,9,53.24,18
id_1238,20.45,12,50.01,22
id_1239,3.34,2,1.03,1
id_1240,125.77,63,252.79,145
id_1241,2321.46,629,2956.13,836
id_1242,15.9,8,1.02,1
id_1243,103.37,45,95.95,42
id_1244,16.09,7,3.72,3
id_1245,16.59,9,16.49,9
id_1246,149.27,41,39.6,15
id_1247,4.95,2,1.47,1
id_1248,105.54,60,208.09,132
id_1249,157.47,32,483.54,108
id_1250,46.58,8,74.65,17
id_1251,339.69,105,556.18,195
id_1252,170.3,43,203.31,55
id_1253,53.39,23,107.28,49
id_1254,60.06,15,101.29,32
id_1255,54.68,23,241.68,96
id_1256,3.17,2,2.63,2
id_1257,174.35,89,263.72,138
id_1258,436.21,124,576.42,168
id_1259,683.29,402,775.2,490
id_1260,177.2,86,272.07,131
id_1261,119.87,30,157.94,55
id_1262,88.67,31,119.76,54
id_1263,3874.93,858,4098.91,931
id_1264,36.73,10,123.8,32
id_1265,431.89,109,507.82,131
id_1266,26.81,8,245.93,51
id_1267,18.58,7,42.94,14
id_1268,599.54,106,960.45,176
id_1269,180.65,44,172.27,46
id_1270,4148.9,675,5235.99,939
id_1271,1.41,2,0.28,1
id_1272,467.96,248,683.9,378
id_1273,17.69,6,224.38,103
id_1274,98.09,50,262.85,128
id_1275,45.47,32,41.34,25
id_1276,162.43,61,240.91,99
id_1277,150.6,53,241.87,89
id_1278,2.38,3,0.91,1
id_1279,288.35,104,454.42,170
id_1280,216.31,66,304.71,93
id_1281,129.96,25,254.1,62
id_1282,212.11,87,326.32,118
id_1283,1072.63,283,986.81,278
id_1284,306.29,86,308.97,91
id_1285,214.99,79,507.11,187
id_1286,131.62,47,256.01,95
id_1287,193.81,38,233.58,49
id_1288,263.42,152,299.41,173
id_1289,651.1,169,661.66,175
id_1290,6.19,2,7.35,2
id_1291,97.88,25,343.65,80
id_1292,95.77,19,327.5,54
id_1293,39.33,15,10.84,4
id_1294,292.22,48,832.43,129
id_1295,673.21,57,1947.08,159
id_1296,395.74,77,485.79,121
id_1297,925.86,100,1685.06,211
id_1298,36.14,12,31.37,11
id_1299,90.43,41,35.44,19
id_1300,236.9,87,43.79,19
id_1301,57.08,17,54.56,15
id_1302,41.31,19,29.0,15
id_1303,476.71,199,510.69,191
id_1304,321.3,171,258.1,144
id_1305,381.2,38,850.67,90
id_1306,685.29,104,1123.05,185
id_1307,76.39,14,224.19,44
id_1308,212.88,50,610.99,121
id_1309,576.89,95,1131.09,167
id_1310,6.56,2,3.21,1
id_1311,109.84,13,205.31,26
id_1312,16.9,7,42.16,14
id_1313,446.67,90,648.75,143
id_1314,66.21,16,236.29,50
id_1315,196.77,57,461.91,117
id_1316,2.96,1,48.4,15
id_1317,3.0,3,6.82,4
id_1318,2.78,2,1.47,1
id_1319,1218.52,152,1536.7,221
id_1320,120.48,34,297.08,84
id_1321,17.47,8,13.77,7
id_1322,72.38,35,90.9,44
id_1323,30.8,12,74.65,37
id_1324,29.62,14,31.65,15
id_1325,87.21,40,139.46,61
id_1326,285.45,72,402.97,90
id_1327,0.86,1,1.68,2
id_1328,64.91,18,185.92,59
id_1329,422.44,95,794.37,180
id_1330,117.03,48,202.05,91
id_1331,1.77,1,22.23,11
id_1332,35.47,26,78.62,50
id_1333,13.6,7,46.71,18
id_1334,62.53,29,67.94,36
id_1335,22.15,7,77.18,30
id_1336,40.22,12,62.76,18
id_1337,2.51,1,8.41,2
id_1338,3.64,2,5.21,2
id_1339,14.27,6,42.73,13
id_1340,35.54,11,62.61,19
id_1341,19.21,5,46.56,11
id_1342,66.49,14,94.62,18
id_1343,1.9,1,19.48,6
id_1344,31.55,7,47.69,19
id_1345,8.56,4,27.06,15
id_1346,362.39,64,811.62,117
id_1347,216.87,49,384.11,93
id_1348,6.62,3,9.09,4
id_1349,43.25,8,102.86,20
id_1350,13.17,4,130.66,36
id_1351,474.17,209,554.73,256
id_1352,179.93,76,446.0,170
id_1353,219.8,113,591.68,304
id_1354,1312.13,164,1778.62,252
id_1355,7.11,2,7.15,2
id_1356,11.1,5,33.8,13
id_1357,132.68,15,131.03,21
id_1358,77.13,20,139.14,36
id_1359,1024.79,259,1657.75,440
id_1360,834.04,338,1144.34,473
id_1361,1303.35,180,1929.87,294
id_1362,227.56,122,433.54,228
id_1363,102.09,64,201.3,129
id_1364,1.11,1,1.52,2
id_1365,4.96,6,12.64,12
id_1366,88.67,43,97.87,49
id_1367,121.19,73,98.0,54
id_1368,32.7,18,12.46,9
id_1369,191.31,129,117.61,116
id_1370,3.23,3,1.96,2
id_1371,9.13,7,3.07,3
id_1372,68.5,9,276.38,32
id_1373,61.27,8,214.94,34
id_1374,297.49,92,389.77,137
id_1375,17.66,11,11.04,9
id_1376,178.1,65,96.69,37
id_1377,40.18,18,7.05,5
id_1378,66.25,31,10.78,7
id_1379,126.19,30,3.81,2
id_1380,146.54,49,23.06,12
id_1381,69.28,26,220.02,83
id_1382,90.36,32,455.36,134
id_1383,85.9,24,132.21,34
id_1384,104.41,32,167.37,49
id_1385,17.65,7,3.57,2
id_1386,14.19,8,26.82,13
id_1387,54.39,17,49.39,15
id_1388,44.08,16,15.03,6
id_1389,1140.06,382,1547.63,521
id_1390,45.41,6,87.25,21
id_1391,50.11,10,33.02,9
id_1392,22.15,5,31.92,6
id_1393,87.82,23,156.22,37
id_1394,200.72,87,527.56,209
id_1395,102.47,43,123.37,49
id_1396,16.05,10,96.39,59
id_1397,16.51,12,24.1,19
id_1398,95.28,43,112.26,49
id_1399,87.87,47,272.73,132
id_1400,22.25,13,39.57,23
id_1401,51.23,33,94.01,56
id_1402,217.39,63,289.16,87
id_1403,225.74,85,274.3,99
id_1404,1692.72,653,2686.49,1054
id_1405,2042.24,998,2054.57,1053
id_1406,4128.96,2432,6407.14,3844
id_1407,4649.14,3408,5695.43,4196
id_1408,8.12,2,86.56,13
id_1409,498.55,223,576.06,260
id_1410,15.58,7,19.76,11
id_1411,436.87,152,828.56,274
id_1412,151.52,103,192.23,127
id_1413,80.13,18,319.17,70
id_1414,115.71,20,323.2,58
id_1415,237.75,57,423.05,98
id_1416,104.68,55,117.78,64
id_1417,197.81,151,195.98,158
id_1418,2.13,2,52.6,15
id_1419,14.73,6,32.68,15
id_1420,52.37,14,97.17,30
id_1421,18.58,7,71.96,32
id_1422,347.79,81,452.28,117
id_1423,171.33,110,99.86,71
id_1424,121.33,21,282.03,51
id_1425,532.07,143,916.85,250
id_1426,87.7,27,170.6,59
id_1427,980.55,306,1064.06,335
id_1428,104.91,31,172.16,46
id_1429,185.81,98,100.12,57
id_1430,31.61,7,161.25,36
id_1431,116.46,126,154.84,156
id_1432,2.55,2,7.45,8
id_1433,854.45,220,1522.2,388
id_1434,951.85,736,1205.18,965
id_1435,448.76,93,1454.99,291
id_1436,1110.74,698,1645.65,1021
id_1437,1835.48,984,4714.58,2236
id_1438,87.01,65,415.4,181
id_1439,141.64,10,65.01,22
id_1440,707.02,26,1586.65,56
id_1441,63.4,38,112.54,69
id_1442,59.91,108,93.24,212
id_1443,759.97,440,1111.33,667
id_1444,19.65,29,15.72,21
id_1445,22.94,8,93.73,32
id_1446,409.74,245,1058.21,627
id_1447,13.26,14,36.77,28
id_1448,707.16,542,692.95,534
id_1449,94.16,95,100.94,114
id_1450,412.27,301,633.08,452
id_1451,33.14,75,75.54,173
id_1452,130.27,66,225.24,122
id_1453,59.86,79,145.28,191
id_1454,8.74,7,26.98,26
id_1455,74.34,72,110.72,97
id_1456,16.16,8,67.81,30
id_1457,151.55,52,252.04,95
id_1458,106.56,76,218.5,149
id_1459,37.62,20,44.3,26
id_1460,60.96,63,140.23,137
id_1461,39.85,37,45.5,42
id_1462,152.76,83,117.73,64
id_1463,258.86,190,124.49,110
id_1464,93.19,63,87.21,56
id_1465,482.75,221,1077.58,486
id_1466,122.18,48,246.69,87
id_1467,114.05,100,157.85,134
id_1468,362.94,259,641.8,490
id_1469,3.51,5,9.39,11
id_1470,524.88,363,787.95,545
id_1471,37.83,23,47.63,29
id_1472,45.39,42,106.67,97
id_1473,459.52,216,742.13,315
id_1474,1336.21,1001,3732.9,2376
id_1475,417.98,248,545.05,319
id_1476,28.23,19,18.45,13
id_1477,44.33,37,40.83,38
id_1478,82.29,46,85.33,45
id_1479,60.96,68,99.52,118
id_1480,35.8,48,46.15,59
id_1481,12.8,9,35.75,17
id_1482,1355.45,696,1822.39,874
id_1483,26.59,11,86.76,31
id_1484,29.91,29,20.31,26
id_1485,267.91,207,130.87,88
id_1486,42.39,29,24.52,21
id_1487,307.44,210,487.36,319
id_1488,74.02,73,136.15,131
id_1489,71.59,131,115.67,228
id_1490,66.83,26,92.37,42
id_1491,6.38,7,13.73,14
id_1492,416.81,201,603.52,306
id_1493,26.47,6,107.04,32
id_1494,35.86,11,85.89,23
id_1495,12.49,8,16.92,12
id_1496,419.75,111,365.14,112
id_1497,187.23,78,221.35,93
id_1498,368.54,141,310.98,123
id_1499,22.77,13,40.25,22
id_1500,178.05,54,119.96,42
id_1501,65.53,24,74.59,26
id_1502,91.7,59,98.77,66
id_1503,1067.75,252,1305.1,300
id_1504,14.88,2,41.75,8
id_1505,18.5,6,28.44,11
id_1506,426.8,81,529.97,101
id_1507,54.68,45,28.66,24
id_1508,292.65,73,446.05,102
id_1509,922.85,323,911.08,332
id_1510,379.95,116,660.02,194
id_1511,1033.0,290,1770.98,526
id_1512,22.23,13,32.21,15
id_1513,423.86,93,1044.27,231
id_1514,105.7,39,69.3,30
id_1515,136.83,68,121.42,68
id_1516,355.41,99,365.9,97
id_1517,75.21,95,154.63,210
id_1518,25.66,24,59.21,50
id_1519,88.2,37,165.11,63
id_1520,946.41,357,1394.51,543
id_1521,475.18,167,744.45,277
id_1522,53.32,13,110.26,30
id_1523,345.5,115,687.39,217
id_1524,3319.77,1255,3962.53,1574
id_1525,31.36,15,82.19,37
id_1526,166.97,51,439.83,145
id_1527,255.35,133,229.83,132
id_1528,38.47,16,62.54,27
id_1529,548.39,200,717.63,246
id_1530,808.28,330,401.34,188
id_1531,641.69,192,801.59,255
id_1532,12.31,6,1.45,1
id_1533,207.35,119,152.53,86
id_1534,1219.63,457,3831.41,1328
id_1535,571.21,207,938.55,351
id_1536,586.94,167,572.8,172
id_1537,74.36,46,102.75,59
id_1538,96.36,59,163.27,94
id_1539,26.78,23,26.53,25
id_1540,7.52,7,4.87,4
id_1541,145.68,37,363.73,95
id_1542,89.56,47,252.04,114
id_1543,135.6,83,135.89,82
id_1544,133.7,84,174.37,105
id_1545,81.4,42,151.21,76
id_1546,493.69,120,1276.92,272
id_1547,323.91,196,412.96,251
id_1548,568.41,288,774.33,401
id_1549,11.74,5,15.87,7
id_1550,72.74,55,82.16,61
id_1551,1244.77,372,1823.92,496
id_1552,156.37,65,61.44,30
id_1553,75.95,20,1006.96,156
id_1554,75.67,49,28.22,20
id_1555,104.54,24,231.59,41
id_1556,9.32,8,24.97,16
id_1557,2041.71,733,3774.86,1374
id_1558,284.97,115,375.92,150
id_1559,791.9,188,1438.82,320
id_1560,15.61,9,31.03,19
id_1561,51.41,21,64.57,27
id_1562,166.94,77,137.91,67
id_1563,69.07,59,52.89,51
id_1564,155.04,85,781.41,383
id_1565,66.18,32,77.19,38
id_1566,24.11,15,82.24,45
id_1567,863.29,297,2585.52,781
id_1568,138.07,122,118.59,116
id_1569,1575.13,797,4364.78,2127
id_1570,139.34,238,287.28,557
id_1571,21.88,14,44.46,28
id_1572,94.6,75,206.14,143
id_1573,48.82,22,70.52,32
id_1574,64.32,76,122.81,145
id_1575,4.1,5,2.74,4
id_1576,75.26,55,98.29,87
id_1577,20.7,11,28.75,21
id_1578,197.21,139,251.82,168
id_1579,526.67,545,656.83,713
id_1580,30.6,22,20.15,21
id_1581,286.54,346,306.98,406
id_1582,85.49,165,170.29,332
id_1583,164.76,104,239.54,146
id_1584,65.12,45,139.52,106
id_1585,8.18,12,22.55,24
id_1586,50.78,49,75.06,71
id_1587,691.38,435,1015.82,675
id_1588,2197.7,1045,4912.55,2108
id_1589,230.06,80,466.72,145
id_1590,18.23,12,49.18,31
id_1591,27.87,26,12.1,13
id_1592,263.16,234,234.47,229
id_1593,433.17,328,438.47,344
id_1594,98.43,98,135.14,126
id_1595,217.21,94,334.35,154
id_1596,665.76,304,1229.53,524
id_1597,73.75,35,151.82,59
id_1598,39.77,11,85.62,26
id_1599,240.46,377,459.77,759
id_1600,353.99,197,484.44,284
id_1601,55.44,66,158.15,143
id_1602,49.39,17,116.97,35
id_1603,330.43,1039,708.22,2259
id_1604,302.43,103,418.82,157
id_1605,231.38,330,388.53,632
id_1606,97.81,56,130.5,72
id_1607,73.81,48,50.78,38
id_1608,225.43,68,622.0,138
id_1609,12.92,13,13.73,14
id_1610,117.69,35,288.17,88
id_1611,18.21,15,43.52,38
id_1612,96.06,100,199.98,198
id_1613,30.23,53,50.93,105
id_1614,48.01,108,75.24,174
id_1615,200.33,175,336.07,286
id_1616,53.0,59,54.11,65
id_1617,297.81,104,564.99,153
id_1618,50.19,13,155.74,32
id_1619,33.97,12,71.59,25
id_1620,132.0,30,272.64,56
id_1621,293.03,80,856.47,216
id_1622,184.9,108,189.01,107
id_1623,194.86,58,96.23,34
id_1624,172.08,41,216.93,55
id_1625,8.28,2,71.6,17
id_1626,199.37,87,367.89,169
id_1627,120.5,27,134.32,25
id_1628,1525.3,241,2152.26,336
id_1629,505.67,93,204.7,44
id_1630,137.52,40,416.13,118
id_1631,347.19,120,456.95,167
id_1632,36.42,8,145.45,28
id_1633,137.61,44,227.84,77
id_1634,95.89,17,204.03,31
id_1635,28.74,15,71.81,39
id_1636,354.4,147,305.3,133
id_1637,90.26,18,236.22,44
id_1638,70.83,43,130.47,72
id_1639,146.9,170,302.97,346
id_1640,21.32,27,57.08,67
id_1641,206.54,448,410.19,945
id_1642,278.45,414,316.93,512
id_1643,67.76,42,149.88,106
id_1644,47.04,48,42.15,57
id_1645,235.93,110,587.6,245
id_1646,78.73,41,162.81,105
id_1647,189.22,91,377.37,151
id_1648,24.93,17,36.44,20
id_1649,101.15,51,274.1,127
id_1650,23.3,11,85.01,35
id_1651,23.72,17,18.64,13
id_1652,202.11,76,422.98,159
id_1653,38.9,27,58.53,42
id_1654,98.89,61,254.29,140
id_1655,38.01,12,128.3,43
id_1656,9.32,8,50.34,31
id_1657,6.39,9,19.59,18
id_1658,163.32,61,247.28,97
id_1659,749.01,463,1257.83,752
id_1660,31.49,40,46.62,55
id_1661,84.58,74,84.8,76
id_1662,55.97,27,43.95,25
id_1663,17.44,5,31.15,11
id_1664,99.69,53,63.12,32
id_1665,408.48,209,479.9,254
id_1666,100.75,31,43.12,14
id_1667,53.03,14,103.45,25
id_1668,113.49,26,148.81,40
id_1669,36.71,14,102.44,34
id_1670,157.0,28,764.39,112
id_1671,2.24,1,22.54,9
id_1672,9.08,2,37.51,11
id_1673,98.98,20,55.01,12
id_1674,450.9,83,514.03,105
id_1675,373.42,102,713.22,198
id_1676,1842.1,298,3417.89,516
id_1677,62.95,15,265.68,59
id_1678,292.77,62,583.86,107
id_1679,53.22,12,232.81,42
id_1680,540.17,95,1012.92,167
id_1681,263.48,88,429.47,153
id_1682,303.65,80,147.6,35
id_1683,425.67,110,1529.09,341
id_1684,189.4,65,440.34,149
id_1685,631.58,233,956.22,326
id_1686,227.92,36,453.31,84
id_1687,166.48,78,518.81,200
id_1688,9.69,3,45.96,18
id_1689,47.75,39,82.3,57
id_1690,28.6,45,40.51,70
id_1691,785.01,1332,125.36,243
id_1692,135.18,129,138.75,167
id_1693,31.37,32,41.2,44
id_1694,205.98,273,35.98,53
id_1695,229.45,140,299.35,206
id_1696,7.41,1,1818.85,131
id_1697,8.83,1,771.12,42
id_1698,118.38,87,169.48,130
id_1699,82.76,103,96.74,152
id_1700,448.5,200,802.63,329
id_1701,317.87,119,537.03,186
id_1702,351.95,170,549.33,250
id_1703,47.07,30,46.79,34
id_1704,233.61,81,470.08,151
id_1705,28.07,19,53.34,36
id_1706,113.89,44,193.53,82
id_1707,172.06,71,479.39,192
id_1708,281.98,85,506.79,129
id_1709,29.92,16,84.64,44
id_1710,224.7,103,675.88,271
id_1711,917.74,508,1180.56,654
id_1712,146.63,64,218.96,94
id_1713,195.6,106,270.49,167
id_1714,1022.66,701,950.7,651
id_1715,233.71,108,267.25,125
id_1716,227.25,176,297.49,250
id_1717,83.32,51,118.12,56
id_1718,127.35,64,150.27,84
id_1719,215.98,81,420.95,148
id_1720,129.44,87,222.34,132
id_1721,284.68,146,684.15,302
id_1722,854.5,140,1146.94,197
id_1723,177.63,72,11.74,5
id_1724,505.87,36,5326.76,238
id_1725,638.85,31,2048.14,75
id_1726,55.38,6,802.75,58
id_1727,163.17,22,596.65,75
id_1728,11.31,2,406.31,61
id_1729,30.99,2,70.63,3
id_1730,41.03,6,235.66,16
id_1731,105.6,6,622.35,39
id_1732,7.54,1,10.3,1
id_1733,106.83,4,249.83,17
id_1734,3235.47,179,10069.87,509
id_1735,7.71,1,107.82,5
id_1736,228.58,12,1245.01,49
id_1737,119.73,72,356.4,200
id_1738,74.85,31,257.23,97
id_1739,111.19,45,135.51,63
id_1740,713.29,158,918.58,222
id_1741,15.05,12,20.46,22
id_1742,79.88,17,38.28,12
id_1743,31.41,14,14.13,6
id_1744,28.98,10,86.54,28
id_1745,233.37,42,398.32,78
id_1746,384.63,68,340.23,65
id_1747,267.9,56,370.98,80
id_1748,3.71,1,25.18,5
id_1749,21.04,3,62.18,13
id_1750,111.15,25,465.2,89
id_1751,142.28,32,314.24,62
id_1752,7.15,2,120.85,29
id_1753,39.2,9,110.22,23
id_1754,830.11,369,1801.68,709
id_1755,7.83,2,18.41,7
id_1756,89.75,18,179.29,40
id_1757,1551.04,241,1283.68,246
id_1758,1580.39,206,1895.23,308
id_1759,120.06,12,259.19,36
id_1760,134.03,17,694.62,71
id_1761,89.43,21,156.7,35
id_1762,76.66,19,236.21,59
id_1763,126.51,43,419.04,135
id_1764,26.13,3,16.19,2
id_1765,28.5,2,97.99,8
id_1766,25.47,10,30.09,13
id_1767,54.85,11,90.88,21
id_1768,92.37,39,547.52,233
id_1769,169.99,58,730.19,269
id_1770,31.71,9,84.21,21
id_1771,67.14,15,302.95,74
id_1772,73.21,20,114.85,41
id_1773,68.86,27,110.73,46
id_1774,66.64,19,314.95,73
id_1775,175.83,109,215.5,137
id_1776,311.87,113,335.5,121
id_1777,511.27,124,908.46,210
id_1778,698.25,366,851.52,459
id_1779,6.33,2,107.9,22
id_1780,118.61,38,428.59,133
id_1781,45.7,21,140.95,60
id_1782,3.85,2,3.79,3
id_1783,41.28,7,146.7,24
id_1784,14.6,5,29.86,10
id_1785,368.64,181,833.74,462
id_1786,267.47,187,572.86,424
id_1787,147.55,49,201.73,81
id_1788,229.44,88,190.44,89
id_1789,33.72,19,162.59,67
id_1790,38.66,22,105.54,47
id_1791,10.79,5,37.09,9
id_1792,3.05,2,16.51,9
id_1793,20.18,6,78.18,24
id_1794,24.77,14,56.26,25
id_1795,31.12,10,95.27,32
id_1796,24.71,13,31.85,17
id_1797,518.89,50,927.16,101
id_1798,340.4,187,922.77,471
id_1799,241.64,35,335.04,50
id_1800,928.72,730,2103.15,1468
id_1801,90.65,39,361.88,168
id_1802,63.02,43,169.22,109
id_1803,40.61,46,57.02,65
id_1804,96.33,68,78.01,56
id_1805,3.36,3,3.88,5
id_1806,139.44,81,97.61,68
id_1807,315.47,208,866.56,488
id_1808,40.83,27,76.79,57
id_1809,213.29,74,164.02,68
id_1810,18.0,11,18.26,10
id_1811,250.92,100,261.83,103
id_1812,79.9,61,66.16,46
id_1813,259.97,56,785.61,152
id_1814,111.17,100,183.11,208
id_1815,31.08,6,298.79,33
id_1816,8.94,7,11.0,6
id_1817,79.92,82,119.36,129
id_1818,46.96,36,112.25,85
id_1819,10.27,13,31.57,48
id_1820,17.72,17,10.39,11
id_1821,29.48,16,82.92,33
id_1822,26.54,10,75.72,33
id_1823,27.94,17,13.48,10
id_1824,403.71,115,393.65,111
id_1825,94.8,39,71.32,35
id_1826,998.61,227,820.49,208
id_1827,22.19,18,20.79,19
id_1828,9.0,5,7.47,5
id_1829,386.59,67,807.0,152
id_1830,2.39,3,20.48,7
id_1831,69.38,34,134.86,68
id_1832,23.79,20,62.18,39
id_1833,36.37,4,126.93,9
id_1834,786.13,275,1366.1,502
id_1835,1051.4,467,1238.22,593
id_1836,716.26,168,1499.29,359
id_1837,1176.9,445,1564.23,598
id_1838,908.63,353,1556.8,610
id_1839,1183.25,563,2285.98,1172
id_1840,2140.34,1050,6381.02,2929
id_1841,3644.43,2174,6519.24,3801
id_1842,428.49,158,866.06,328
id_1843,218.43,115,356.24,198
id_1844,251.35,15,569.66,37
id_1845,1980.31,814,2467.98,1016
id_1846,1962.01,929,1997.48,991
id_1847,454.73,252,811.28,438
id_1848,198.11,140,274.45,194
id_1849,861.36,248,1512.68,405
id_1850,543.74,181,677.43,246
id_1851,457.23,120,837.46,230
id_1852,215.23,95,357.99,131
id_1853,274.95,116,451.48,195
id_1854,795.08,437,968.81,540
id_1855,168.91,64,300.58,116
id_1856,519.92,274,728.32,385
id_1857,2406.02,612,3943.79,988
id_1858,447.77,153,556.17,185
id_1859,1076.37,227,2783.99,525
id_1860,716.03,258,1312.92,395
id_1861,1663.76,956,3783.62,2048
id_1862,1152.04,837,2185.28,1525
id_1863,342.71,109,272.23,105
id_1864,674.17,296,592.14,319
id_1865,1070.8,673,1936.64,1245
id_1866,1652.08,1355,3204.96,2571
id_1867,215.09,102,120.24,70
id_1868,290.24,191,189.24,147
id_1869,319.01,148,945.81,413
id_1870,731.44,414,1698.28,903
id_1871,773.83,303,2449.64,800
id_1872,855.77,402,2202.5,887
id_1873,394.38,121,567.58,188
id_1874,739.26,289,1030.69,414
id_1875,694.75,274,1881.92,719
id_1876,1055.25,507,2438.69,1142
id_1877,665.11,199,1809.78,478
id_1878,2014.15,617,3465.63,1044
id_1879,88.36,19,243.59,48
id_1880,452.05,104,768.89,150
id_1881,1012.95,267,2142.92,614
id_1882,1780.11,581,2915.72,990
id_1883,49.7,25,81.27,36
id_1884,503.96,189,550.42,230
id_1885,286.23,126,312.77,162
id_1886,727.49,430,666.2,347
id_1887,677.47,217,2069.99,632
id_1888,639.98,275,1576.81,657
id_1889,480.43,182,1826.64,661
id_1890,541.52,225,991.54,448
id_1891,597.75,159,1369.09,375
id_1892,2833.99,1303,5529.69,2392
id_1893,3078.51,1061,6421.12,2084
id_1894,293.82,204,160.3,134
id_1895,184.74,84,346.9,148
id_1896,296.44,97,363.83,132
id_1897,240.33,104,315.7,135
id_1898,952.86,528,944.87,479
id_1899,83.79,51,45.62,33
id_1900,352.75,274,204.66,185
id_1901,92.41,45,265.05,115
id_1902,270.91,160,401.74,232
id_1903,59.06,2,289.09,13
id_1904,109.06,15,764.83,77
id_1905,22.32,2,104.89,19
id_1906,54.16,4,632.1,30
id_1907,214.53,12,587.38,38
